{"name":"b207676d-26c5-4f61-8e66-06f160816a9e","id":"/providers/Microsoft.Flow/flows/b207676d-26c5-4f61-8e66-06f160816a9e","type":"Microsoft.Flow/flows","properties":{"apiId":"/providers/Microsoft.PowerApps/apis/shared_logicflows","displayName":"Approval Demo","definition":{"metadata":{"workflowEntityId":null,"creator":{"id":"9613ccb1-e4db-4841-a206-8ec7a75e66ac","type":"User","tenantId":"444c62d2-8c95-4c84-94d9-8e1fe06065c4"},"provisioningMethod":"FromDefinition","failureAlertSubscription":true,"clientLastModifiedTime":"2020-06-11T19:34:00.3469001Z"},"$schema":"https://schema.management.azure.com/providers/Microsoft.Logic/schemas/2016-06-01/workflowdefinition.json#","contentVersion":"1.0.0.0","parameters":{"$connections":{"defaultValue":{},"type":"Object"},"$authentication":{"defaultValue":{},"type":"SecureObject"}},"triggers":{"When_an_item_is_created":{"recurrence":{"frequency":"Minute","interval":5},"splitOn":"@triggerBody()?['value']","metadata":{"flowSystemMetadata":{"swaggerOperationId":"GetOnNewItems"}},"type":"ApiConnection","inputs":{"host":{"connection":{"name":"@parameters('$connections')['shared_sharepointonline']['connectionId']"},"api":{"runtimeUrl":"https://canada-001.azure-apim.net/apim/sharepointonline"}},"method":"get","path":"/datasets/@{encodeURIComponent(encodeURIComponent('https://robwindsortest987.sharepoint.com/sites/demo4'))}/tables/@{encodeURIComponent(encodeURIComponent('e0efbfbe-6225-4e84-b016-b95d005a58ca'))}/onnewitems","authentication":"@parameters('$authentication')"}}},"actions":{"Scope":{"actions":{"Compose":{"runAfter":{"Apply_to_each_approval_response":["Succeeded"]},"type":"Compose","inputs":"@body('Start_and_wait_for_an_approval')?['responseSummary']"},"If_the_amount_is_greater_than_$1000":{"actions":{"Append_second_approver_to_Approvers_variable":{"runAfter":{},"type":"AppendToStringVariable","inputs":{"name":"Approvers","value":"AlexW@robwindsortest987.onmicrosoft.com;"}}},"runAfter":{},"expression":{"greater":["@triggerBody()?['Amount']",1000]},"type":"If"},"Start_and_wait_for_an_approval":{"runAfter":{"If_the_amount_is_greater_than_$1000":["Succeeded"]},"metadata":{"flowSystemMetadata":{"swaggerOperationId":"StartAndWaitForAnApproval"}},"type":"ApiConnectionWebhook","inputs":{"host":{"connection":{"name":"@parameters('$connections')['shared_approvals']['connectionId']"},"api":{"runtimeUrl":"https://canada-001.azure-apim.net/apim/approvals"}},"body":{"notificationUrl":"@{listCallbackUrl()}","title":"Item Review","assignedTo":"@variables('Approvers')","details":"Please review the item linked below","itemLink":"@triggerBody()?['{Link}']","itemLinkDescription":"@triggerBody()?['Title']","requestor":"@triggerBody()?['Author']?['Email']","enableNotifications":true,"enableReassignment":true},"path":"/types/@{encodeURIComponent('BasicAwaitAll')}/subscriptions","authentication":"@parameters('$authentication')"}},"Update_item":{"runAfter":{"Compose":["Succeeded"]},"metadata":{"flowSystemMetadata":{"swaggerOperationId":"PatchItem"}},"type":"ApiConnection","inputs":{"host":{"connection":{"name":"@parameters('$connections')['shared_sharepointonline']['connectionId']"},"api":{"runtimeUrl":"https://canada-001.azure-apim.net/apim/sharepointonline"}},"method":"patch","body":{"Title":"@triggerBody()?['Title']","Amount":"@triggerBody()?['Amount']","ApprovalStatus":"@variables('ApprovalResponse')","ApprovalDetails":"@variables('ResponseSummary')"},"path":"/datasets/@{encodeURIComponent(encodeURIComponent('https://robwindsortest987.sharepoint.com/sites/demo4'))}/tables/@{encodeURIComponent(encodeURIComponent('e0efbfbe-6225-4e84-b016-b95d005a58ca'))}/items/@{encodeURIComponent(triggerBody()?['ID'])}","authentication":"@parameters('$authentication')"}},"Apply_to_each_approval_response":{"foreach":"@body('Start_and_wait_for_an_approval')?['responses']","actions":{"If_approval_response_was_Reject":{"actions":{"Set_ApprovalResponse_variable_to_Rejected":{"runAfter":{},"type":"SetVariable","inputs":{"name":"ApprovalResponse","value":"Rejected"}}},"runAfter":{},"expression":{"equals":["@items('Apply_to_each_approval_response')?['approverResponse']","Reject"]},"type":"If"},"Append_response_summary_to_ResponseSummary_variable":{"runAfter":{"Convert_response_date":["Succeeded"]},"type":"AppendToStringVariable","inputs":{"name":"ResponseSummary","value":"Approver: @{items('Apply_to_each_approval_response')?['responder']?['displayName']}, @{items('Apply_to_each_approval_response')?['responder']?['email']}\nResponse: @{items('Apply_to_each_approval_response')?['approverResponse']}\nRequest Date: @{body('Convert_request_date')}\nResponse Date: @{body('Convert_response_date')}"}},"If_the_approver_made_comments":{"actions":{"Append_to_string_variable":{"runAfter":{},"type":"AppendToStringVariable","inputs":{"name":"ResponseSummary","value":"\nComments: @{items('Apply_to_each_approval_response')?['comments']}"}}},"runAfter":{"Append_response_summary_to_ResponseSummary_variable":["Succeeded"]},"expression":{"greater":["@length(coalesce(items('Apply_to_each_approval_response')?['comments'],''))",0]},"type":"If"},"Append_to_string_variable_2":{"runAfter":{"If_the_approver_made_comments":["Succeeded"]},"type":"AppendToStringVariable","inputs":{"name":"ResponseSummary","value":"\n\n\n"}},"Convert_request_date":{"runAfter":{"If_approval_response_was_Reject":["Succeeded"]},"type":"Expression","kind":"ConvertTimeZone","inputs":{"baseTime":"@items('Apply_to_each_approval_response')?['requestDate']","formatString":"F","sourceTimeZone":"UTC","destinationTimeZone":"Eastern Standard Time"}},"Convert_response_date":{"runAfter":{"Convert_request_date":["Succeeded"]},"type":"Expression","kind":"ConvertTimeZone","inputs":{"baseTime":"@items('Apply_to_each_approval_response')?['responseDate']","formatString":"F","sourceTimeZone":"UTC","destinationTimeZone":"Eastern Standard Time"}}},"runAfter":{"Start_and_wait_for_an_approval":["Succeeded"]},"type":"Foreach"}},"runAfter":{"Initialize_ResponseSummary_variable":["Succeeded"]},"type":"Scope"},"Initialize_Approvers_variable":{"runAfter":{},"type":"InitializeVariable","inputs":{"variables":[{"name":"Approvers","type":"string","value":"AdeleV@robwindsortest987.onmicrosoft.com;"}]}},"Initialize_ApprovalResponse_variable":{"runAfter":{"Initialize_Approvers_variable":["Succeeded"]},"type":"InitializeVariable","inputs":{"variables":[{"name":"ApprovalResponse","type":"string","value":"Approved"}]}},"Initialize_ResponseSummary_variable":{"runAfter":{"Initialize_ApprovalResponse_variable":["Succeeded"]},"type":"InitializeVariable","inputs":{"variables":[{"name":"ResponseSummary","type":"string"}]}}}},"connectionReferences":{"shared_approvals":{"connectionName":"shared-approvals-77b2a74f-b70f-411c-9241-ee24968d7c26","source":"Embedded","id":"/providers/Microsoft.PowerApps/apis/shared_approvals","tier":"NotSpecified"},"shared_sharepointonline":{"connectionName":"shared-sharepointonl-844423f2-5ec8-4fcd-9a1f-e2fe776b7be1","source":"Embedded","id":"/providers/Microsoft.PowerApps/apis/shared_sharepointonline","tier":"NotSpecified"}},"flowFailureAlertSubscribed":false}}